Year,StatVar,Quantity
2020,Count_HateCrimeIncidents_CrimeAgainstPerson,5201
2020,Offense_Count_HateCrimeIncidents_CrimeAgainstPerson,7750
2020,Victim_Count_HateCrimeIncidents_CrimeAgainstPerson,7750
2020,Offender_Count_HateCrimeIncidents_CrimeAgainstPerson_KnownOffender,5244
2020,Count_HateCrimeIncidents_MurderAndNonNegligentManslaughter,20
2020,Offense_Count_HateCrimeIncidents_MurderAndNonNegligentManslaughter,22
2020,Victim_Count_HateCrimeIncidents_MurderAndNonNegligentManslaughter,22
2020,Offender_Count_HateCrimeIncidents_MurderAndNonNegligentManslaughter_KnownOffender,22
2020,Count_HateCrimeIncidents_ForcibleRape,21
2020,Offense_Count_HateCrimeIncidents_ForcibleRape,21
2020,Victim_Count_HateCrimeIncidents_ForcibleRape,21
2020,Offender_Count_HateCrimeIncidents_ForcibleRape_KnownOffender,23
2020,Count_HateCrimeIncidents_AggravatedAssault,1074
2020,Offense_Count_HateCrimeIncidents_AggravatedAssault,1390
2020,Victim_Count_HateCrimeIncidents_AggravatedAssault,1390
2020,Offender_Count_HateCrimeIncidents_AggravatedAssault_KnownOffender,1257
2020,Count_HateCrimeIncidents_SimpleAssault,1867
2020,Offense_Count_HateCrimeIncidents_SimpleAssault,2166
2020,Victim_Count_HateCrimeIncidents_SimpleAssault,2166
2020,Offender_Count_HateCrimeIncidents_SimpleAssault_KnownOffender,2061
2020,Count_HateCrimeIncidents_Intimidation,2190
2020,Offense_Count_HateCrimeIncidents_Intimidation,4119
2020,Victim_Count_HateCrimeIncidents_Intimidation,4119
2020,Offender_Count_HateCrimeIncidents_Intimidation_KnownOffender,1853
2020,Count_HateCrimeIncidents_OtherCrimesAgainstPerson,29
2020,Offense_Count_HateCrimeIncidents_OtherCrimesAgainstPerson,32
2020,Victim_Count_HateCrimeIncidents_OtherCrimesAgainstPerson,32
2020,Offender_Count_HateCrimeIncidents_OtherCrimesAgainstPerson_KnownOffender,28
2020,Count_HateCrimeIncidents_CrimeAgainstProperty,3147
2020,Offense_Count_HateCrimeIncidents_CrimeAgainstProperty,3147
2020,Victim_Count_HateCrimeIncidents_CrimeAgainstProperty,3490
2020,Offender_Count_HateCrimeIncidents_CrimeAgainstProperty_KnownOffender,1635
2020,Count_HateCrimeIncidents_Robbery,140
2020,Offense_Count_HateCrimeIncidents_Robbery,140
2020,Victim_Count_HateCrimeIncidents_Robbery,155
2020,Offender_Count_HateCrimeIncidents_Robbery_KnownOffender,228
2020,Count_HateCrimeIncidents_Burglary,132
2020,Offense_Count_HateCrimeIncidents_Burglary,132
2020,Victim_Count_HateCrimeIncidents_Burglary,152
2020,Offender_Count_HateCrimeIncidents_Burglary_KnownOffender,94
2020,Count_HateCrimeIncidents_LarcenyTheft,362
2020,Offense_Count_HateCrimeIncidents_LarcenyTheft,362
2020,Victim_Count_HateCrimeIncidents_LarcenyTheft,383
2020,Offender_Count_HateCrimeIncidents_LarcenyTheft_KnownOffender,175
2020,Count_HateCrimeIncidents_MotorVehicleTheft,34
2020,Offense_Count_HateCrimeIncidents_MotorVehicleTheft,34
2020,Victim_Count_HateCrimeIncidents_MotorVehicleTheft,36
2020,Offender_Count_HateCrimeIncidents_MotorVehicleTheft_KnownOffender,28
2020,Count_HateCrimeIncidents_Arson,67
2020,Offense_Count_HateCrimeIncidents_Arson,67
2020,Victim_Count_HateCrimeIncidents_Arson,105
2020,Offender_Count_HateCrimeIncidents_Arson_KnownOffender,38
2020,Count_HateCrimeIncidents_DestructionOrDamageOrVandalismOfProperty,2333
2020,Offense_Count_HateCrimeIncidents_DestructionOrDamageOrVandalismOfProperty,2333
2020,Victim_Count_HateCrimeIncidents_DestructionOrDamageOrVandalismOfProperty,2574
2020,Offender_Count_HateCrimeIncidents_DestructionOrDamageOrVandalismOfProperty_KnownOffender,1031
2020,Count_HateCrimeIncidents_OtherCrimesAgainstProperty,79
2020,Offense_Count_HateCrimeIncidents_OtherCrimesAgainstProperty,79
2020,Victim_Count_HateCrimeIncidents_OtherCrimesAgainstProperty,85
2020,Offender_Count_HateCrimeIncidents_OtherCrimesAgainstProperty_KnownOffender,41
2020,Count_HateCrimeIncidents_CrimeAgainstSociety,232
2020,Offense_Count_HateCrimeIncidents_CrimeAgainstSociety,232
2020,Victim_Count_HateCrimeIncidents_CrimeAgainstSociety,232
2020,Offender_Count_HateCrimeIncidents_CrimeAgainstSociety_KnownOffender,269
2019,Count_HateCrimeIncidents_CrimeAgainstPerson,4526
2019,Offense_Count_HateCrimeIncidents_CrimeAgainstPerson,5512
2019,Victim_Count_HateCrimeIncidents_CrimeAgainstPerson,5512
2019,Offender_Count_HateCrimeIncidents_CrimeAgainstPerson_KnownOffender,4857
2019,Count_HateCrimeIncidents_MurderAndNonNegligentManslaughter,18
2019,Offense_Count_HateCrimeIncidents_MurderAndNonNegligentManslaughter,51
2019,Victim_Count_HateCrimeIncidents_MurderAndNonNegligentManslaughter,51
2019,Offender_Count_HateCrimeIncidents_MurderAndNonNegligentManslaughter_KnownOffender,19
2019,Count_HateCrimeIncidents_ForcibleRape,30
2019,Offense_Count_HateCrimeIncidents_ForcibleRape,30
2019,Victim_Count_HateCrimeIncidents_ForcibleRape,30
2019,Offender_Count_HateCrimeIncidents_ForcibleRape_KnownOffender,36
2019,Count_HateCrimeIncidents_AggravatedAssault,866
2019,Offense_Count_HateCrimeIncidents_AggravatedAssault,1158
2019,Victim_Count_HateCrimeIncidents_AggravatedAssault,1158
2019,Offender_Count_HateCrimeIncidents_AggravatedAssault_KnownOffender,1094
2019,Count_HateCrimeIncidents_SimpleAssault,1730
2019,Offense_Count_HateCrimeIncidents_SimpleAssault,2023
2019,Victim_Count_HateCrimeIncidents_SimpleAssault,2023
2019,Offender_Count_HateCrimeIncidents_SimpleAssault_KnownOffender,2030
2019,Count_HateCrimeIncidents_Intimidation,1849
2019,Offense_Count_HateCrimeIncidents_Intimidation,2206
2019,Victim_Count_HateCrimeIncidents_Intimidation,2206
2019,Offender_Count_HateCrimeIncidents_Intimidation_KnownOffender,1640
2019,Count_HateCrimeIncidents_HumanTraffickingCommercialSexActs,2
2019,Offense_Count_HateCrimeIncidents_HumanTraffickingCommercialSexActs,3
2019,Victim_Count_HateCrimeIncidents_HumanTraffickingCommercialSexActs,3
2019,Offender_Count_HateCrimeIncidents_HumanTraffickingCommercialSexActs_KnownOffender,3
2019,Count_HateCrimeIncidents_OtherCrimesAgainstPerson,31
2019,Offense_Count_HateCrimeIncidents_OtherCrimesAgainstPerson,41
2019,Victim_Count_HateCrimeIncidents_OtherCrimesAgainstPerson,41
2019,Offender_Count_HateCrimeIncidents_OtherCrimesAgainstPerson_KnownOffender,35
2019,Count_HateCrimeIncidents_CrimeAgainstProperty,2811
2019,Offense_Count_HateCrimeIncidents_CrimeAgainstProperty,2811
2019,Victim_Count_HateCrimeIncidents_CrimeAgainstProperty,3064
2019,Offender_Count_HateCrimeIncidents_CrimeAgainstProperty_KnownOffender,1598
2019,Count_HateCrimeIncidents_Robbery,125
2019,Offense_Count_HateCrimeIncidents_Robbery,125
2019,Victim_Count_HateCrimeIncidents_Robbery,149
2019,Offender_Count_HateCrimeIncidents_Robbery_KnownOffender,227
2019,Count_HateCrimeIncidents_Burglary,114
2019,Offense_Count_HateCrimeIncidents_Burglary,114
2019,Victim_Count_HateCrimeIncidents_Burglary,129
2019,Offender_Count_HateCrimeIncidents_Burglary_KnownOffender,64
2019,Count_HateCrimeIncidents_LarcenyTheft,284
2019,Offense_Count_HateCrimeIncidents_LarcenyTheft,284
2019,Victim_Count_HateCrimeIncidents_LarcenyTheft,297
2019,Offender_Count_HateCrimeIncidents_LarcenyTheft_KnownOffender,179
2019,Count_HateCrimeIncidents_MotorVehicleTheft,19
2019,Offense_Count_HateCrimeIncidents_MotorVehicleTheft,19
2019,Victim_Count_HateCrimeIncidents_MotorVehicleTheft,19
2019,Offender_Count_HateCrimeIncidents_MotorVehicleTheft_KnownOffender,9
2019,Count_HateCrimeIncidents_Arson,60
2019,Offense_Count_HateCrimeIncidents_Arson,60
2019,Victim_Count_HateCrimeIncidents_Arson,78
2019,Offender_Count_HateCrimeIncidents_Arson_KnownOffender,40
2019,Count_HateCrimeIncidents_DestructionOrDamageOrVandalismOfProperty,2152
2019,Offense_Count_HateCrimeIncidents_DestructionOrDamageOrVandalismOfProperty,2152
2019,Victim_Count_HateCrimeIncidents_DestructionOrDamageOrVandalismOfProperty,2316
2019,Offender_Count_HateCrimeIncidents_DestructionOrDamageOrVandalismOfProperty_KnownOffender,1045
2019,Count_HateCrimeIncidents_OtherCrimesAgainstProperty,57
2019,Offense_Count_HateCrimeIncidents_OtherCrimesAgainstProperty,57
2019,Victim_Count_HateCrimeIncidents_OtherCrimesAgainstProperty,76
2019,Offender_Count_HateCrimeIncidents_OtherCrimesAgainstProperty_KnownOffender,34
2019,Count_HateCrimeIncidents_CrimeAgainstSociety,236
2019,Offense_Count_HateCrimeIncidents_CrimeAgainstSociety,236
2019,Victim_Count_HateCrimeIncidents_CrimeAgainstSociety,236
2019,Offender_Count_HateCrimeIncidents_CrimeAgainstSociety_KnownOffender,279
2018,Count_HateCrimeIncidents_CrimeAgainstPerson,4571
2018,Offense_Count_HateCrimeIncidents_CrimeAgainstPerson,5566
2018,Victim_Count_HateCrimeIncidents_CrimeAgainstPerson,5566
2018,Offender_Count_HateCrimeIncidents_CrimeAgainstPerson_KnownOffender,4738
2018,Count_HateCrimeIncidents_MurderAndNonNegligentManslaughter,13
2018,Offense_Count_HateCrimeIncidents_MurderAndNonNegligentManslaughter,24
2018,Victim_Count_HateCrimeIncidents_MurderAndNonNegligentManslaughter,24
2018,Offender_Count_HateCrimeIncidents_MurderAndNonNegligentManslaughter_KnownOffender,12
2018,Count_HateCrimeIncidents_ForcibleRape,22
2018,Offense_Count_HateCrimeIncidents_ForcibleRape,22
2018,Victim_Count_HateCrimeIncidents_ForcibleRape,22
2018,Offender_Count_HateCrimeIncidents_ForcibleRape_KnownOffender,21
2018,Count_HateCrimeIncidents_AggravatedAssault,818
2018,Offense_Count_HateCrimeIncidents_AggravatedAssault,1026
2018,Victim_Count_HateCrimeIncidents_AggravatedAssault,1026
2018,Offender_Count_HateCrimeIncidents_AggravatedAssault_KnownOffender,997
2018,Count_HateCrimeIncidents_SimpleAssault,1653
2018,Offense_Count_HateCrimeIncidents_SimpleAssault,1895
2018,Victim_Count_HateCrimeIncidents_SimpleAssault,1895
2018,Offender_Count_HateCrimeIncidents_SimpleAssault_KnownOffender,1991
2018,Count_HateCrimeIncidents_Intimidation,2039
2018,Offense_Count_HateCrimeIncidents_Intimidation,2560
2018,Victim_Count_HateCrimeIncidents_Intimidation,2560
2018,Offender_Count_HateCrimeIncidents_Intimidation_KnownOffender,1688
2018,Count_HateCrimeIncidents_OtherCrimesAgainstPerson,26
2018,Offense_Count_HateCrimeIncidents_OtherCrimesAgainstPerson,39
2018,Victim_Count_HateCrimeIncidents_OtherCrimesAgainstPerson,39
2018,Offender_Count_HateCrimeIncidents_OtherCrimesAgainstPerson_KnownOffender,29
2018,Count_HateCrimeIncidents_CrimeAgainstProperty,2641
2018,Offense_Count_HateCrimeIncidents_CrimeAgainstProperty,2641
2018,Victim_Count_HateCrimeIncidents_CrimeAgainstProperty,2964
2018,Offender_Count_HateCrimeIncidents_CrimeAgainstProperty_KnownOffender,1627
2018,Count_HateCrimeIncidents_Robbery,132
2018,Offense_Count_HateCrimeIncidents_Robbery,132
2018,Victim_Count_HateCrimeIncidents_Robbery,169
2018,Offender_Count_HateCrimeIncidents_Robbery_KnownOffender,203
2018,Count_HateCrimeIncidents_Burglary,131
2018,Offense_Count_HateCrimeIncidents_Burglary,131
2018,Victim_Count_HateCrimeIncidents_Burglary,166
2018,Offender_Count_HateCrimeIncidents_Burglary_KnownOffender,76
2018,Count_HateCrimeIncidents_LarcenyTheft,330
2018,Offense_Count_HateCrimeIncidents_LarcenyTheft,330
2018,Victim_Count_HateCrimeIncidents_LarcenyTheft,357
2018,Offender_Count_HateCrimeIncidents_LarcenyTheft_KnownOffender,198
2018,Count_HateCrimeIncidents_MotorVehicleTheft,42
2018,Offense_Count_HateCrimeIncidents_MotorVehicleTheft,42
2018,Victim_Count_HateCrimeIncidents_MotorVehicleTheft,43
2018,Offender_Count_HateCrimeIncidents_MotorVehicleTheft_KnownOffender,18
2018,Count_HateCrimeIncidents_Arson,43
2018,Offense_Count_HateCrimeIncidents_Arson,43
2018,Victim_Count_HateCrimeIncidents_Arson,53
2018,Offender_Count_HateCrimeIncidents_Arson_KnownOffender,22
2018,Count_HateCrimeIncidents_DestructionOrDamageOrVandalismOfProperty,1876
2018,Offense_Count_HateCrimeIncidents_DestructionOrDamageOrVandalismOfProperty,1876
2018,Victim_Count_HateCrimeIncidents_DestructionOrDamageOrVandalismOfProperty,2080
2018,Offender_Count_HateCrimeIncidents_DestructionOrDamageOrVandalismOfProperty_KnownOffender,1052
2018,Count_HateCrimeIncidents_OtherCrimesAgainstProperty,87
2018,Offense_Count_HateCrimeIncidents_OtherCrimesAgainstProperty,87
2018,Victim_Count_HateCrimeIncidents_OtherCrimesAgainstProperty,96
2018,Offender_Count_HateCrimeIncidents_OtherCrimesAgainstProperty_KnownOffender,58
2018,Count_HateCrimeIncidents_CrimeAgainstSociety,289
2018,Offense_Count_HateCrimeIncidents_CrimeAgainstSociety,289
2018,Victim_Count_HateCrimeIncidents_CrimeAgainstSociety,289
2018,Offender_Count_HateCrimeIncidents_CrimeAgainstSociety_KnownOffender,323
2017,Count_HateCrimeIncidents_CrimeAgainstPerson,4090
2017,Offense_Count_HateCrimeIncidents_CrimeAgainstPerson,5084
2017,Victim_Count_HateCrimeIncidents_CrimeAgainstPerson,5084
2017,Offender_Count_HateCrimeIncidents_CrimeAgainstPerson_KnownOffender,4442
2017,Count_HateCrimeIncidents_MurderAndNonNegligentManslaughter,12
2017,Offense_Count_HateCrimeIncidents_MurderAndNonNegligentManslaughter,15
2017,Victim_Count_HateCrimeIncidents_MurderAndNonNegligentManslaughter,15
2017,Offender_Count_HateCrimeIncidents_MurderAndNonNegligentManslaughter_KnownOffender,15
2017,Count_HateCrimeIncidents_ForcibleRape,23
2017,Offense_Count_HateCrimeIncidents_ForcibleRape,23
2017,Victim_Count_HateCrimeIncidents_ForcibleRape,23
2017,Offender_Count_HateCrimeIncidents_ForcibleRape_KnownOffender,30
2017,Count_HateCrimeIncidents_AggravatedAssault,788
2017,Offense_Count_HateCrimeIncidents_AggravatedAssault,990
2017,Victim_Count_HateCrimeIncidents_AggravatedAssault,990
2017,Offender_Count_HateCrimeIncidents_AggravatedAssault_KnownOffender,1051
2017,Count_HateCrimeIncidents_SimpleAssault,1433
2017,Offense_Count_HateCrimeIncidents_SimpleAssault,1745
2017,Victim_Count_HateCrimeIncidents_SimpleAssault,1745
2017,Offender_Count_HateCrimeIncidents_SimpleAssault_KnownOffender,1725
2017,Count_HateCrimeIncidents_Intimidation,1807
2017,Offense_Count_HateCrimeIncidents_Intimidation,2283
2017,Victim_Count_HateCrimeIncidents_Intimidation,2283
2017,Offender_Count_HateCrimeIncidents_Intimidation_KnownOffender,1588
2017,Count_HateCrimeIncidents_HumanTraffickingCommercialSexActs,1
2017,Offense_Count_HateCrimeIncidents_HumanTraffickingCommercialSexActs,1
2017,Victim_Count_HateCrimeIncidents_HumanTraffickingCommercialSexActs,1
2017,Offender_Count_HateCrimeIncidents_HumanTraffickingCommercialSexActs_KnownOffender,0
2017,Count_HateCrimeIncidents_OtherCrimesAgainstPerson,26
2017,Offense_Count_HateCrimeIncidents_OtherCrimesAgainstPerson,27
2017,Victim_Count_HateCrimeIncidents_OtherCrimesAgainstPerson,27
2017,Offender_Count_HateCrimeIncidents_OtherCrimesAgainstPerson_KnownOffender,33
2017,Count_HateCrimeIncidents_CrimeAgainstProperty,3115
2017,Offense_Count_HateCrimeIncidents_CrimeAgainstProperty,3115
2017,Victim_Count_HateCrimeIncidents_CrimeAgainstProperty,3506
2017,Offender_Count_HateCrimeIncidents_CrimeAgainstProperty_KnownOffender,1933
2017,Count_HateCrimeIncidents_Robbery,157
2017,Offense_Count_HateCrimeIncidents_Robbery,157
2017,Victim_Count_HateCrimeIncidents_Robbery,171
2017,Offender_Count_HateCrimeIncidents_Robbery_KnownOffender,288
2017,Count_HateCrimeIncidents_Burglary,145
2017,Offense_Count_HateCrimeIncidents_Burglary,145
2017,Victim_Count_HateCrimeIncidents_Burglary,185
2017,Offender_Count_HateCrimeIncidents_Burglary_KnownOffender,98
2017,Count_HateCrimeIncidents_LarcenyTheft,326
2017,Offense_Count_HateCrimeIncidents_LarcenyTheft,326
2017,Victim_Count_HateCrimeIncidents_LarcenyTheft,379
2017,Offender_Count_HateCrimeIncidents_LarcenyTheft_KnownOffender,249
2017,Count_HateCrimeIncidents_MotorVehicleTheft,41
2017,Offense_Count_HateCrimeIncidents_MotorVehicleTheft,41
2017,Victim_Count_HateCrimeIncidents_MotorVehicleTheft,44
2017,Offender_Count_HateCrimeIncidents_MotorVehicleTheft_KnownOffender,25
2017,Count_HateCrimeIncidents_Arson,42
2017,Offense_Count_HateCrimeIncidents_Arson,42
2017,Victim_Count_HateCrimeIncidents_Arson,59
2017,Offender_Count_HateCrimeIncidents_Arson_KnownOffender,34
2017,Count_HateCrimeIncidents_DestructionOrDamageOrVandalismOfProperty,2325
2017,Offense_Count_HateCrimeIncidents_DestructionOrDamageOrVandalismOfProperty,2325
2017,Victim_Count_HateCrimeIncidents_DestructionOrDamageOrVandalismOfProperty,2585
2017,Offender_Count_HateCrimeIncidents_DestructionOrDamageOrVandalismOfProperty_KnownOffender,1182
2017,Count_HateCrimeIncidents_OtherCrimesAgainstProperty,79
2017,Offense_Count_HateCrimeIncidents_OtherCrimesAgainstProperty,79
2017,Victim_Count_HateCrimeIncidents_OtherCrimesAgainstProperty,83
2017,Offender_Count_HateCrimeIncidents_OtherCrimesAgainstProperty_KnownOffender,57
2017,Count_HateCrimeIncidents_CrimeAgainstSociety,238
2017,Offense_Count_HateCrimeIncidents_CrimeAgainstSociety,238
2017,Victim_Count_HateCrimeIncidents_CrimeAgainstSociety,238
2017,Offender_Count_HateCrimeIncidents_CrimeAgainstSociety_KnownOffender,284
2016,Count_HateCrimeIncidents_CrimeAgainstPerson,3765
2016,Offense_Count_HateCrimeIncidents_CrimeAgainstPerson,4720
2016,Victim_Count_HateCrimeIncidents_CrimeAgainstPerson,4720
2016,Offender_Count_HateCrimeIncidents_CrimeAgainstPerson_KnownOffender,4353
2016,Count_HateCrimeIncidents_MurderAndNonNegligentManslaughter,5
2016,Offense_Count_HateCrimeIncidents_MurderAndNonNegligentManslaughter,9
2016,Victim_Count_HateCrimeIncidents_MurderAndNonNegligentManslaughter,9
2016,Offender_Count_HateCrimeIncidents_MurderAndNonNegligentManslaughter_KnownOffender,9
2016,Count_HateCrimeIncidents_ForcibleRape,24
2016,Offense_Count_HateCrimeIncidents_ForcibleRape,24
2016,Victim_Count_HateCrimeIncidents_ForcibleRape,24
2016,Offender_Count_HateCrimeIncidents_ForcibleRape_KnownOffender,29
2016,Count_HateCrimeIncidents_AggravatedAssault,684
2016,Offense_Count_HateCrimeIncidents_AggravatedAssault,873
2016,Victim_Count_HateCrimeIncidents_AggravatedAssault,873
2016,Offender_Count_HateCrimeIncidents_AggravatedAssault_KnownOffender,1031
2016,Count_HateCrimeIncidents_SimpleAssault,1458
2016,Offense_Count_HateCrimeIncidents_SimpleAssault,1687
2016,Victim_Count_HateCrimeIncidents_SimpleAssault,1687
2016,Offender_Count_HateCrimeIncidents_SimpleAssault_KnownOffender,1857
2016,Count_HateCrimeIncidents_Intimidation,1577
2016,Offense_Count_HateCrimeIncidents_Intimidation,2109
2016,Victim_Count_HateCrimeIncidents_Intimidation,2109
2016,Offender_Count_HateCrimeIncidents_Intimidation_KnownOffender,1409
2016,Count_HateCrimeIncidents_OtherCrimesAgainstPerson,17
2016,Offense_Count_HateCrimeIncidents_OtherCrimesAgainstPerson,18
2016,Victim_Count_HateCrimeIncidents_OtherCrimesAgainstPerson,18
2016,Offender_Count_HateCrimeIncidents_OtherCrimesAgainstPerson_KnownOffender,18
2016,Count_HateCrimeIncidents_CrimeAgainstProperty,2519
2016,Offense_Count_HateCrimeIncidents_CrimeAgainstProperty,2519
2016,Victim_Count_HateCrimeIncidents_CrimeAgainstProperty,2813
2016,Offender_Count_HateCrimeIncidents_CrimeAgainstProperty_KnownOffender,1618
2016,Count_HateCrimeIncidents_Robbery,134
2016,Offense_Count_HateCrimeIncidents_Robbery,134
2016,Victim_Count_HateCrimeIncidents_Robbery,163
2016,Offender_Count_HateCrimeIncidents_Robbery_KnownOffender,249
2016,Count_HateCrimeIncidents_Burglary,123
2016,Offense_Count_HateCrimeIncidents_Burglary,123
2016,Victim_Count_HateCrimeIncidents_Burglary,138
2016,Offender_Count_HateCrimeIncidents_Burglary_KnownOffender,87
2016,Count_HateCrimeIncidents_LarcenyTheft,231
2016,Offense_Count_HateCrimeIncidents_LarcenyTheft,231
2016,Victim_Count_HateCrimeIncidents_LarcenyTheft,253
2016,Offender_Count_HateCrimeIncidents_LarcenyTheft_KnownOffender,173
2016,Count_HateCrimeIncidents_MotorVehicleTheft,20
2016,Offense_Count_HateCrimeIncidents_MotorVehicleTheft,20
2016,Victim_Count_HateCrimeIncidents_MotorVehicleTheft,21
2016,Offender_Count_HateCrimeIncidents_MotorVehicleTheft_KnownOffender,14
2016,Count_HateCrimeIncidents_Arson,39
2016,Offense_Count_HateCrimeIncidents_Arson,39
2016,Victim_Count_HateCrimeIncidents_Arson,51
2016,Offender_Count_HateCrimeIncidents_Arson_KnownOffender,33
2016,Count_HateCrimeIncidents_DestructionOrDamageOrVandalismOfProperty,1913
2016,Offense_Count_HateCrimeIncidents_DestructionOrDamageOrVandalismOfProperty,1913
2016,Victim_Count_HateCrimeIncidents_DestructionOrDamageOrVandalismOfProperty,2122
2016,Offender_Count_HateCrimeIncidents_DestructionOrDamageOrVandalismOfProperty_KnownOffender,1015
2016,Count_HateCrimeIncidents_OtherCrimesAgainstProperty,59
2016,Offense_Count_HateCrimeIncidents_OtherCrimesAgainstProperty,59
2016,Victim_Count_HateCrimeIncidents_OtherCrimesAgainstProperty,65
2016,Offender_Count_HateCrimeIncidents_OtherCrimesAgainstProperty_KnownOffender,47
2016,Count_HateCrimeIncidents_CrimeAgainstSociety,82
2016,Offense_Count_HateCrimeIncidents_CrimeAgainstSociety,82
2016,Victim_Count_HateCrimeIncidents_CrimeAgainstSociety,82
2016,Offender_Count_HateCrimeIncidents_CrimeAgainstSociety_KnownOffender,97
2015,Count_HateCrimeIncidents_CrimeAgainstPerson,3646
2015,Offense_Count_HateCrimeIncidents_CrimeAgainstPerson,4482
2015,Victim_Count_HateCrimeIncidents_CrimeAgainstPerson,4482
2015,Offender_Count_HateCrimeIncidents_CrimeAgainstPerson_KnownOffender,4230
2015,Count_HateCrimeIncidents_MurderAndNonNegligentManslaughter,8
2015,Offense_Count_HateCrimeIncidents_MurderAndNonNegligentManslaughter,18
2015,Victim_Count_HateCrimeIncidents_MurderAndNonNegligentManslaughter,18
2015,Offender_Count_HateCrimeIncidents_MurderAndNonNegligentManslaughter_KnownOffender,9
2015,Count_HateCrimeIncidents_ForcibleRape,13
2015,Offense_Count_HateCrimeIncidents_ForcibleRape,13
2015,Victim_Count_HateCrimeIncidents_ForcibleRape,13
2015,Offender_Count_HateCrimeIncidents_ForcibleRape_KnownOffender,11
2015,Count_HateCrimeIncidents_AggravatedAssault,681
2015,Offense_Count_HateCrimeIncidents_AggravatedAssault,882
2015,Victim_Count_HateCrimeIncidents_AggravatedAssault,882
2015,Offender_Count_HateCrimeIncidents_AggravatedAssault_KnownOffender,968
2015,Count_HateCrimeIncidents_SimpleAssault,1436
2015,Offense_Count_HateCrimeIncidents_SimpleAssault,1696
2015,Victim_Count_HateCrimeIncidents_SimpleAssault,1696
2015,Offender_Count_HateCrimeIncidents_SimpleAssault_KnownOffender,1797
2015,Count_HateCrimeIncidents_Intimidation,1495
2015,Offense_Count_HateCrimeIncidents_Intimidation,1853
2015,Victim_Count_HateCrimeIncidents_Intimidation,1853
2015,Offender_Count_HateCrimeIncidents_Intimidation_KnownOffender,1433
2015,Count_HateCrimeIncidents_OtherCrimesAgainstPerson,13
2015,Offense_Count_HateCrimeIncidents_OtherCrimesAgainstPerson,20
2015,Victim_Count_HateCrimeIncidents_OtherCrimesAgainstPerson,20
2015,Offender_Count_HateCrimeIncidents_OtherCrimesAgainstPerson_KnownOffender,12
2015,Count_HateCrimeIncidents_CrimeAgainstProperty,2338
2015,Offense_Count_HateCrimeIncidents_CrimeAgainstProperty,2338
2015,Victim_Count_HateCrimeIncidents_CrimeAgainstProperty,2626
2015,Offender_Count_HateCrimeIncidents_CrimeAgainstProperty_KnownOffender,1440
2015,Count_HateCrimeIncidents_Robbery,120
2015,Offense_Count_HateCrimeIncidents_Robbery,120
2015,Victim_Count_HateCrimeIncidents_Robbery,148
2015,Offender_Count_HateCrimeIncidents_Robbery_KnownOffender,227
2015,Count_HateCrimeIncidents_Burglary,147
2015,Offense_Count_HateCrimeIncidents_Burglary,147
2015,Victim_Count_HateCrimeIncidents_Burglary,173
2015,Offender_Count_HateCrimeIncidents_Burglary_KnownOffender,115
2015,Count_HateCrimeIncidents_LarcenyTheft,255
2015,Offense_Count_HateCrimeIncidents_LarcenyTheft,255
2015,Victim_Count_HateCrimeIncidents_LarcenyTheft,274
2015,Offender_Count_HateCrimeIncidents_LarcenyTheft_KnownOffender,177
2015,Count_HateCrimeIncidents_MotorVehicleTheft,22
2015,Offense_Count_HateCrimeIncidents_MotorVehicleTheft,22
2015,Victim_Count_HateCrimeIncidents_MotorVehicleTheft,24
2015,Offender_Count_HateCrimeIncidents_MotorVehicleTheft_KnownOffender,16
2015,Count_HateCrimeIncidents_Arson,30
2015,Offense_Count_HateCrimeIncidents_Arson,30
2015,Victim_Count_HateCrimeIncidents_Arson,36
2015,Offender_Count_HateCrimeIncidents_Arson_KnownOffender,21
2015,Count_HateCrimeIncidents_DestructionOrDamageOrVandalismOfProperty,1698
2015,Offense_Count_HateCrimeIncidents_DestructionOrDamageOrVandalismOfProperty,1698
2015,Victim_Count_HateCrimeIncidents_DestructionOrDamageOrVandalismOfProperty,1897
2015,Offender_Count_HateCrimeIncidents_DestructionOrDamageOrVandalismOfProperty_KnownOffender,836
2015,Count_HateCrimeIncidents_OtherCrimesAgainstProperty,66
2015,Offense_Count_HateCrimeIncidents_OtherCrimesAgainstProperty,66
2015,Victim_Count_HateCrimeIncidents_OtherCrimesAgainstProperty,74
2015,Offender_Count_HateCrimeIncidents_OtherCrimesAgainstProperty_KnownOffender,48
2015,Count_HateCrimeIncidents_CrimeAgainstSociety,65
2015,Offense_Count_HateCrimeIncidents_CrimeAgainstSociety,65
2015,Victim_Count_HateCrimeIncidents_CrimeAgainstSociety,65
2015,Offender_Count_HateCrimeIncidents_CrimeAgainstSociety_KnownOffender,74
2014,Count_HateCrimeIncidents_CrimeAgainstPerson,3303
2014,Offense_Count_HateCrimeIncidents_CrimeAgainstPerson,4048
2014,Victim_Count_HateCrimeIncidents_CrimeAgainstPerson,4048
2014,Offender_Count_HateCrimeIncidents_CrimeAgainstPerson_KnownOffender,3925
2014,Count_HateCrimeIncidents_MurderAndNonNegligentManslaughter,4
2014,Offense_Count_HateCrimeIncidents_MurderAndNonNegligentManslaughter,4
2014,Victim_Count_HateCrimeIncidents_MurderAndNonNegligentManslaughter,4
2014,Offender_Count_HateCrimeIncidents_MurderAndNonNegligentManslaughter_KnownOffender,5
2014,Count_HateCrimeIncidents_ForcibleRape,9
2014,Offense_Count_HateCrimeIncidents_ForcibleRape,9
2014,Victim_Count_HateCrimeIncidents_ForcibleRape,9
2014,Offender_Count_HateCrimeIncidents_ForcibleRape_KnownOffender,10
2014,Count_HateCrimeIncidents_AggravatedAssault,599
2014,Offense_Count_HateCrimeIncidents_AggravatedAssault,770
2014,Victim_Count_HateCrimeIncidents_AggravatedAssault,770
2014,Offender_Count_HateCrimeIncidents_AggravatedAssault_KnownOffender,899
2014,Count_HateCrimeIncidents_SimpleAssault,1307
2014,Offense_Count_HateCrimeIncidents_SimpleAssault,1514
2014,Victim_Count_HateCrimeIncidents_SimpleAssault,1514
2014,Offender_Count_HateCrimeIncidents_SimpleAssault_KnownOffender,1664
2014,Count_HateCrimeIncidents_Intimidation,1378
2014,Offense_Count_HateCrimeIncidents_Intimidation,1745
2014,Victim_Count_HateCrimeIncidents_Intimidation,1745
2014,Offender_Count_HateCrimeIncidents_Intimidation_KnownOffender,1336
2014,Count_HateCrimeIncidents_OtherCrimesAgainstPerson,6
2014,Offense_Count_HateCrimeIncidents_OtherCrimesAgainstPerson,6
2014,Victim_Count_HateCrimeIncidents_OtherCrimesAgainstPerson,6
2014,Offender_Count_HateCrimeIncidents_OtherCrimesAgainstPerson_KnownOffender,11
2014,Count_HateCrimeIncidents_CrimeAgainstProperty,2317
2014,Offense_Count_HateCrimeIncidents_CrimeAgainstProperty,2317
2014,Victim_Count_HateCrimeIncidents_CrimeAgainstProperty,2624
2014,Offender_Count_HateCrimeIncidents_CrimeAgainstProperty_KnownOffender,1455
2014,Count_HateCrimeIncidents_Robbery,122
2014,Offense_Count_HateCrimeIncidents_Robbery,122
2014,Victim_Count_HateCrimeIncidents_Robbery,138
2014,Offender_Count_HateCrimeIncidents_Robbery_KnownOffender,255
2014,Count_HateCrimeIncidents_Burglary,162
2014,Offense_Count_HateCrimeIncidents_Burglary,162
2014,Victim_Count_HateCrimeIncidents_Burglary,208
2014,Offender_Count_HateCrimeIncidents_Burglary_KnownOffender,185
2014,Count_HateCrimeIncidents_LarcenyTheft,239
2014,Offense_Count_HateCrimeIncidents_LarcenyTheft,239
2014,Victim_Count_HateCrimeIncidents_LarcenyTheft,256
2014,Offender_Count_HateCrimeIncidents_LarcenyTheft_KnownOffender,152
2014,Count_HateCrimeIncidents_MotorVehicleTheft,22
2014,Offense_Count_HateCrimeIncidents_MotorVehicleTheft,22
2014,Victim_Count_HateCrimeIncidents_MotorVehicleTheft,22
2014,Offender_Count_HateCrimeIncidents_MotorVehicleTheft_KnownOffender,15
2014,Count_HateCrimeIncidents_Arson,26
2014,Offense_Count_HateCrimeIncidents_Arson,26
2014,Victim_Count_HateCrimeIncidents_Arson,39
2014,Offender_Count_HateCrimeIncidents_Arson_KnownOffender,20
2014,Count_HateCrimeIncidents_DestructionOrDamageOrVandalismOfProperty,1694
2014,Offense_Count_HateCrimeIncidents_DestructionOrDamageOrVandalismOfProperty,1694
2014,Victim_Count_HateCrimeIncidents_DestructionOrDamageOrVandalismOfProperty,1907
2014,Offender_Count_HateCrimeIncidents_DestructionOrDamageOrVandalismOfProperty_KnownOffender,792
2014,Count_HateCrimeIncidents_OtherCrimesAgainstProperty,52
2014,Offense_Count_HateCrimeIncidents_OtherCrimesAgainstProperty,52
2014,Victim_Count_HateCrimeIncidents_OtherCrimesAgainstProperty,54
2014,Offender_Count_HateCrimeIncidents_OtherCrimesAgainstProperty_KnownOffender,36
2014,Count_HateCrimeIncidents_CrimeAgainstSociety,53
2014,Offense_Count_HateCrimeIncidents_CrimeAgainstSociety,53
2014,Victim_Count_HateCrimeIncidents_CrimeAgainstSociety,55
2014,Offender_Count_HateCrimeIncidents_CrimeAgainstSociety_KnownOffender,61
2013,Count_HateCrimeIncidents_CrimeAgainstPerson,3607
2013,Offense_Count_HateCrimeIncidents_CrimeAgainstPerson,4430
2013,Victim_Count_HateCrimeIncidents_CrimeAgainstPerson,4430
2013,Offender_Count_HateCrimeIncidents_CrimeAgainstPerson_KnownOffender,4440
2013,Count_HateCrimeIncidents_MurderAndNonNegligentManslaughter,5
2013,Offense_Count_HateCrimeIncidents_MurderAndNonNegligentManslaughter,5
2013,Victim_Count_HateCrimeIncidents_MurderAndNonNegligentManslaughter,5
2013,Offender_Count_HateCrimeIncidents_MurderAndNonNegligentManslaughter_KnownOffender,5
2013,Count_HateCrimeIncidents_ForcibleRape,21
2013,Offense_Count_HateCrimeIncidents_ForcibleRape,21
2013,Victim_Count_HateCrimeIncidents_ForcibleRape,21
2013,Offender_Count_HateCrimeIncidents_ForcibleRape_KnownOffender,25
2013,Count_HateCrimeIncidents_AggravatedAssault,588
2013,Offense_Count_HateCrimeIncidents_AggravatedAssault,734
2013,Victim_Count_HateCrimeIncidents_AggravatedAssault,734
2013,Offender_Count_HateCrimeIncidents_AggravatedAssault_KnownOffender,882
2013,Count_HateCrimeIncidents_SimpleAssault,1441
2013,Offense_Count_HateCrimeIncidents_SimpleAssault,1720
2013,Victim_Count_HateCrimeIncidents_SimpleAssault,1720
2013,Offender_Count_HateCrimeIncidents_SimpleAssault_KnownOffender,2013
2013,Count_HateCrimeIncidents_Intimidation,1528
2013,Offense_Count_HateCrimeIncidents_Intimidation,1925
2013,Victim_Count_HateCrimeIncidents_Intimidation,1925
2013,Offender_Count_HateCrimeIncidents_Intimidation_KnownOffender,1494
2013,Count_HateCrimeIncidents_OtherCrimesAgainstPerson,24
2013,Offense_Count_HateCrimeIncidents_OtherCrimesAgainstPerson,25
2013,Victim_Count_HateCrimeIncidents_OtherCrimesAgainstPerson,25
2013,Offender_Count_HateCrimeIncidents_OtherCrimesAgainstPerson_KnownOffender,21
2013,Count_HateCrimeIncidents_CrimeAgainstProperty,2424
2013,Offense_Count_HateCrimeIncidents_CrimeAgainstProperty,2424
2013,Victim_Count_HateCrimeIncidents_CrimeAgainstProperty,2733
2013,Offender_Count_HateCrimeIncidents_CrimeAgainstProperty_KnownOffender,1527
2013,Count_HateCrimeIncidents_Robbery,126
2013,Offense_Count_HateCrimeIncidents_Robbery,126
2013,Victim_Count_HateCrimeIncidents_Robbery,145
2013,Offender_Count_HateCrimeIncidents_Robbery_KnownOffender,261
2013,Count_HateCrimeIncidents_Burglary,174
2013,Offense_Count_HateCrimeIncidents_Burglary,174
2013,Victim_Count_HateCrimeIncidents_Burglary,202
2013,Offender_Count_HateCrimeIncidents_Burglary_KnownOffender,164
2013,Count_HateCrimeIncidents_LarcenyTheft,225
2013,Offense_Count_HateCrimeIncidents_LarcenyTheft,225
2013,Victim_Count_HateCrimeIncidents_LarcenyTheft,246
2013,Offender_Count_HateCrimeIncidents_LarcenyTheft_KnownOffender,168
2013,Count_HateCrimeIncidents_MotorVehicleTheft,20
2013,Offense_Count_HateCrimeIncidents_MotorVehicleTheft,20
2013,Victim_Count_HateCrimeIncidents_MotorVehicleTheft,21
2013,Offender_Count_HateCrimeIncidents_MotorVehicleTheft_KnownOffender,9
2013,Count_HateCrimeIncidents_Arson,36
2013,Offense_Count_HateCrimeIncidents_Arson,36
2013,Victim_Count_HateCrimeIncidents_Arson,40
2013,Offender_Count_HateCrimeIncidents_Arson_KnownOffender,21
2013,Count_HateCrimeIncidents_DestructionOrDamageOrVandalismOfProperty,1783
2013,Offense_Count_HateCrimeIncidents_DestructionOrDamageOrVandalismOfProperty,1783
2013,Victim_Count_HateCrimeIncidents_DestructionOrDamageOrVandalismOfProperty,2011
2013,Offender_Count_HateCrimeIncidents_DestructionOrDamageOrVandalismOfProperty_KnownOffender,862
2013,Count_HateCrimeIncidents_OtherCrimesAgainstProperty,60
2013,Offense_Count_HateCrimeIncidents_OtherCrimesAgainstProperty,60
2013,Victim_Count_HateCrimeIncidents_OtherCrimesAgainstProperty,68
2013,Offender_Count_HateCrimeIncidents_OtherCrimesAgainstProperty_KnownOffender,42
2013,Count_HateCrimeIncidents_CrimeAgainstSociety,79
2013,Offense_Count_HateCrimeIncidents_CrimeAgainstSociety,79
2013,Victim_Count_HateCrimeIncidents_CrimeAgainstSociety,79
2013,Offender_Count_HateCrimeIncidents_CrimeAgainstSociety_KnownOffender,102
2012,Count_HateCrimeIncidents_CrimeAgainstPerson,3258
2012,Offense_Count_HateCrimeIncidents_CrimeAgainstPerson,3968
2012,Victim_Count_HateCrimeIncidents_CrimeAgainstPerson,3968
2012,Offender_Count_HateCrimeIncidents_CrimeAgainstPerson_KnownOffender,3948
2012,Count_HateCrimeIncidents_MurderAndNonNegligentManslaughter,5
2012,Offense_Count_HateCrimeIncidents_MurderAndNonNegligentManslaughter,10
2012,Victim_Count_HateCrimeIncidents_MurderAndNonNegligentManslaughter,10
2012,Offender_Count_HateCrimeIncidents_MurderAndNonNegligentManslaughter_KnownOffender,5
2012,Count_HateCrimeIncidents_ForcibleRape,15
2012,Offense_Count_HateCrimeIncidents_ForcibleRape,15
2012,Victim_Count_HateCrimeIncidents_ForcibleRape,15
2012,Offender_Count_HateCrimeIncidents_ForcibleRape_KnownOffender,18
2012,Count_HateCrimeIncidents_AggravatedAssault,644
2012,Offense_Count_HateCrimeIncidents_AggravatedAssault,854
2012,Victim_Count_HateCrimeIncidents_AggravatedAssault,854
2012,Offender_Count_HateCrimeIncidents_AggravatedAssault_KnownOffender,1011
2012,Count_HateCrimeIncidents_SimpleAssault,1336
2012,Offense_Count_HateCrimeIncidents_SimpleAssault,1570
2012,Victim_Count_HateCrimeIncidents_SimpleAssault,1570
2012,Offender_Count_HateCrimeIncidents_SimpleAssault_KnownOffender,1697
2012,Count_HateCrimeIncidents_Intimidation,1230
2012,Offense_Count_HateCrimeIncidents_Intimidation,1489
2012,Victim_Count_HateCrimeIncidents_Intimidation,1489
2012,Offender_Count_HateCrimeIncidents_Intimidation_KnownOffender,1182
2012,Count_HateCrimeIncidents_OtherCrimesAgainstPerson,28
2012,Offense_Count_HateCrimeIncidents_OtherCrimesAgainstPerson,30
2012,Victim_Count_HateCrimeIncidents_OtherCrimesAgainstPerson,30
2012,Offender_Count_HateCrimeIncidents_OtherCrimesAgainstPerson_KnownOffender,35
2012,Count_HateCrimeIncidents_CrimeAgainstProperty,2547
2012,Offense_Count_HateCrimeIncidents_CrimeAgainstProperty,2547
2012,Victim_Count_HateCrimeIncidents_CrimeAgainstProperty,2993
2012,Offender_Count_HateCrimeIncidents_CrimeAgainstProperty_KnownOffender,1413
2012,Count_HateCrimeIncidents_Robbery,126
2012,Offense_Count_HateCrimeIncidents_Robbery,126
2012,Victim_Count_HateCrimeIncidents_Robbery,149
2012,Offender_Count_HateCrimeIncidents_Robbery_KnownOffender,251
2012,Count_HateCrimeIncidents_Burglary,142
2012,Offense_Count_HateCrimeIncidents_Burglary,142
2012,Victim_Count_HateCrimeIncidents_Burglary,174
2012,Offender_Count_HateCrimeIncidents_Burglary_KnownOffender,145
2012,Count_HateCrimeIncidents_LarcenyTheft,258
2012,Offense_Count_HateCrimeIncidents_LarcenyTheft,258
2012,Victim_Count_HateCrimeIncidents_LarcenyTheft,281
2012,Offender_Count_HateCrimeIncidents_LarcenyTheft_KnownOffender,166
2012,Count_HateCrimeIncidents_MotorVehicleTheft,23
2012,Offense_Count_HateCrimeIncidents_MotorVehicleTheft,23
2012,Victim_Count_HateCrimeIncidents_MotorVehicleTheft,24
2012,Offender_Count_HateCrimeIncidents_MotorVehicleTheft_KnownOffender,8
2012,Count_HateCrimeIncidents_Arson,38
2012,Offense_Count_HateCrimeIncidents_Arson,38
2012,Victim_Count_HateCrimeIncidents_Arson,46
2012,Offender_Count_HateCrimeIncidents_Arson_KnownOffender,37
2012,Count_HateCrimeIncidents_DestructionOrDamageOrVandalismOfProperty,1906
2012,Offense_Count_HateCrimeIncidents_DestructionOrDamageOrVandalismOfProperty,1906
2012,Victim_Count_HateCrimeIncidents_DestructionOrDamageOrVandalismOfProperty,2263
2012,Offender_Count_HateCrimeIncidents_DestructionOrDamageOrVandalismOfProperty_KnownOffender,757
2012,Count_HateCrimeIncidents_OtherCrimesAgainstProperty,54
2012,Offense_Count_HateCrimeIncidents_OtherCrimesAgainstProperty,54
2012,Victim_Count_HateCrimeIncidents_OtherCrimesAgainstProperty,56
2012,Offender_Count_HateCrimeIncidents_OtherCrimesAgainstProperty_KnownOffender,49
2012,Count_HateCrimeIncidents_CrimeAgainstSociety,203
2012,Offense_Count_HateCrimeIncidents_CrimeAgainstSociety,203
2012,Victim_Count_HateCrimeIncidents_CrimeAgainstSociety,203
2012,Offender_Count_HateCrimeIncidents_CrimeAgainstSociety_KnownOffender,243
2011,Count_HateCrimeIncidents_CrimeAgainstPerson,3754
2011,Offense_Count_HateCrimeIncidents_CrimeAgainstPerson,4623
2011,Victim_Count_HateCrimeIncidents_CrimeAgainstPerson,4623
2011,Offender_Count_HateCrimeIncidents_CrimeAgainstPerson_KnownOffender,4631
2011,Count_HateCrimeIncidents_MurderAndNonNegligentManslaughter,4
2011,Offense_Count_HateCrimeIncidents_MurderAndNonNegligentManslaughter,4
2011,Victim_Count_HateCrimeIncidents_MurderAndNonNegligentManslaughter,4
2011,Offender_Count_HateCrimeIncidents_MurderAndNonNegligentManslaughter_KnownOffender,7
2011,Count_HateCrimeIncidents_ForcibleRape,7
2011,Offense_Count_HateCrimeIncidents_ForcibleRape,7
2011,Victim_Count_HateCrimeIncidents_ForcibleRape,7
2011,Offender_Count_HateCrimeIncidents_ForcibleRape_KnownOffender,10
2011,Count_HateCrimeIncidents_AggravatedAssault,677
2011,Offense_Count_HateCrimeIncidents_AggravatedAssault,895
2011,Victim_Count_HateCrimeIncidents_AggravatedAssault,895
2011,Offender_Count_HateCrimeIncidents_AggravatedAssault_KnownOffender,1095
2011,Count_HateCrimeIncidents_SimpleAssault,1336
2011,Offense_Count_HateCrimeIncidents_SimpleAssault,1595
2011,Victim_Count_HateCrimeIncidents_SimpleAssault,1595
2011,Offender_Count_HateCrimeIncidents_SimpleAssault_KnownOffender,1790
2011,Count_HateCrimeIncidents_Intimidation,1720
2011,Offense_Count_HateCrimeIncidents_Intimidation,2106
2011,Victim_Count_HateCrimeIncidents_Intimidation,2106
2011,Offender_Count_HateCrimeIncidents_Intimidation_KnownOffender,1711
2011,Count_HateCrimeIncidents_OtherCrimesAgainstPerson,10
2011,Offense_Count_HateCrimeIncidents_OtherCrimesAgainstPerson,16
2011,Victim_Count_HateCrimeIncidents_OtherCrimesAgainstPerson,16
2011,Offender_Count_HateCrimeIncidents_OtherCrimesAgainstPerson_KnownOffender,18
2011,Count_HateCrimeIncidents_CrimeAgainstProperty,2611
2011,Offense_Count_HateCrimeIncidents_CrimeAgainstProperty,2611
2011,Victim_Count_HateCrimeIncidents_CrimeAgainstProperty,3070
2011,Offender_Count_HateCrimeIncidents_CrimeAgainstProperty_KnownOffender,1256
2011,Count_HateCrimeIncidents_Robbery,131
2011,Offense_Count_HateCrimeIncidents_Robbery,131
2011,Victim_Count_HateCrimeIncidents_Robbery,157
2011,Offender_Count_HateCrimeIncidents_Robbery_KnownOffender,288
2011,Count_HateCrimeIncidents_Burglary,124
2011,Offense_Count_HateCrimeIncidents_Burglary,124
2011,Victim_Count_HateCrimeIncidents_Burglary,147
2011,Offender_Count_HateCrimeIncidents_Burglary_KnownOffender,72
2011,Count_HateCrimeIncidents_LarcenyTheft,152
2011,Offense_Count_HateCrimeIncidents_LarcenyTheft,152
2011,Victim_Count_HateCrimeIncidents_LarcenyTheft,165
2011,Offender_Count_HateCrimeIncidents_LarcenyTheft_KnownOffender,88
2011,Count_HateCrimeIncidents_MotorVehicleTheft,6
2011,Offense_Count_HateCrimeIncidents_MotorVehicleTheft,6
2011,Victim_Count_HateCrimeIncidents_MotorVehicleTheft,6
2011,Offender_Count_HateCrimeIncidents_MotorVehicleTheft_KnownOffender,1
2011,Count_HateCrimeIncidents_Arson,42
2011,Offense_Count_HateCrimeIncidents_Arson,42
2011,Victim_Count_HateCrimeIncidents_Arson,52
2011,Offender_Count_HateCrimeIncidents_Arson_KnownOffender,20
2011,Count_HateCrimeIncidents_DestructionOrDamageOrVandalismOfProperty,2125
2011,Offense_Count_HateCrimeIncidents_DestructionOrDamageOrVandalismOfProperty,2125
2011,Victim_Count_HateCrimeIncidents_DestructionOrDamageOrVandalismOfProperty,2510
2011,Offender_Count_HateCrimeIncidents_DestructionOrDamageOrVandalismOfProperty_KnownOffender,759
2011,Count_HateCrimeIncidents_OtherCrimesAgainstProperty,31
2011,Offense_Count_HateCrimeIncidents_OtherCrimesAgainstProperty,31
2011,Victim_Count_HateCrimeIncidents_OtherCrimesAgainstProperty,33
2011,Offender_Count_HateCrimeIncidents_OtherCrimesAgainstProperty_KnownOffender,28
2011,Count_HateCrimeIncidents_CrimeAgainstSociety,20
2011,Offense_Count_HateCrimeIncidents_CrimeAgainstSociety,20
2011,Victim_Count_HateCrimeIncidents_CrimeAgainstSociety,20
2011,Offender_Count_HateCrimeIncidents_CrimeAgainstSociety_KnownOffender,34
2010,Count_HateCrimeIncidents_CrimeAgainstPerson,3978
2010,Offense_Count_HateCrimeIncidents_CrimeAgainstPerson,4824
2010,Victim_Count_HateCrimeIncidents_CrimeAgainstPerson,4824
2010,Offender_Count_HateCrimeIncidents_CrimeAgainstPerson_KnownOffender,4873
2010,Count_HateCrimeIncidents_MurderAndNonNegligentManslaughter,6
2010,Offense_Count_HateCrimeIncidents_MurderAndNonNegligentManslaughter,7
2010,Victim_Count_HateCrimeIncidents_MurderAndNonNegligentManslaughter,7
2010,Offender_Count_HateCrimeIncidents_MurderAndNonNegligentManslaughter_KnownOffender,9
2010,Count_HateCrimeIncidents_ForcibleRape,4
2010,Offense_Count_HateCrimeIncidents_ForcibleRape,4
2010,Victim_Count_HateCrimeIncidents_ForcibleRape,4
2010,Offender_Count_HateCrimeIncidents_ForcibleRape_KnownOffender,7
2010,Count_HateCrimeIncidents_AggravatedAssault,695
2010,Offense_Count_HateCrimeIncidents_AggravatedAssault,888
2010,Victim_Count_HateCrimeIncidents_AggravatedAssault,888
2010,Offender_Count_HateCrimeIncidents_AggravatedAssault_KnownOffender,1144
2010,Count_HateCrimeIncidents_SimpleAssault,1472
2010,Offense_Count_HateCrimeIncidents_SimpleAssault,1681
2010,Victim_Count_HateCrimeIncidents_SimpleAssault,1681
2010,Offender_Count_HateCrimeIncidents_SimpleAssault_KnownOffender,1972
2010,Count_HateCrimeIncidents_Intimidation,1790
2010,Offense_Count_HateCrimeIncidents_Intimidation,2231
2010,Victim_Count_HateCrimeIncidents_Intimidation,2231
2010,Offender_Count_HateCrimeIncidents_Intimidation_KnownOffender,1726
2010,Count_HateCrimeIncidents_OtherCrimesAgainstPerson,11
2010,Offense_Count_HateCrimeIncidents_OtherCrimesAgainstPerson,13
2010,Victim_Count_HateCrimeIncidents_OtherCrimesAgainstPerson,13
2010,Offender_Count_HateCrimeIncidents_OtherCrimesAgainstPerson_KnownOffender,15
2010,Count_HateCrimeIncidents_CrimeAgainstProperty,2861
2010,Offense_Count_HateCrimeIncidents_CrimeAgainstProperty,2861
2010,Victim_Count_HateCrimeIncidents_CrimeAgainstProperty,3370
2010,Offender_Count_HateCrimeIncidents_CrimeAgainstProperty_KnownOffender,1419
2010,Count_HateCrimeIncidents_Robbery,146
2010,Offense_Count_HateCrimeIncidents_Robbery,146
2010,Victim_Count_HateCrimeIncidents_Robbery,168
2010,Offender_Count_HateCrimeIncidents_Robbery_KnownOffender,290
2010,Count_HateCrimeIncidents_Burglary,125
2010,Offense_Count_HateCrimeIncidents_Burglary,125
2010,Victim_Count_HateCrimeIncidents_Burglary,163
2010,Offender_Count_HateCrimeIncidents_Burglary_KnownOffender,88
2010,Count_HateCrimeIncidents_LarcenyTheft,175
2010,Offense_Count_HateCrimeIncidents_LarcenyTheft,175
2010,Victim_Count_HateCrimeIncidents_LarcenyTheft,195
2010,Offender_Count_HateCrimeIncidents_LarcenyTheft_KnownOffender,141
2010,Count_HateCrimeIncidents_MotorVehicleTheft,16
2010,Offense_Count_HateCrimeIncidents_MotorVehicleTheft,16
2010,Victim_Count_HateCrimeIncidents_MotorVehicleTheft,16
2010,Offender_Count_HateCrimeIncidents_MotorVehicleTheft_KnownOffender,8
2010,Count_HateCrimeIncidents_Arson,43
2010,Offense_Count_HateCrimeIncidents_Arson,43
2010,Victim_Count_HateCrimeIncidents_Arson,45
2010,Offender_Count_HateCrimeIncidents_Arson_KnownOffender,30
2010,Count_HateCrimeIncidents_DestructionOrDamageOrVandalismOfProperty,2321
2010,Offense_Count_HateCrimeIncidents_DestructionOrDamageOrVandalismOfProperty,2321
2010,Victim_Count_HateCrimeIncidents_DestructionOrDamageOrVandalismOfProperty,2747
2010,Offender_Count_HateCrimeIncidents_DestructionOrDamageOrVandalismOfProperty_KnownOffender,831
2010,Count_HateCrimeIncidents_OtherCrimesAgainstProperty,35
2010,Offense_Count_HateCrimeIncidents_OtherCrimesAgainstProperty,35
2010,Victim_Count_HateCrimeIncidents_OtherCrimesAgainstProperty,36
2010,Offender_Count_HateCrimeIncidents_OtherCrimesAgainstProperty_KnownOffender,31
2010,Count_HateCrimeIncidents_CrimeAgainstSociety,14
2010,Offense_Count_HateCrimeIncidents_CrimeAgainstSociety,14
2010,Victim_Count_HateCrimeIncidents_CrimeAgainstSociety,14
2010,Offender_Count_HateCrimeIncidents_CrimeAgainstSociety_KnownOffender,18
2009,Count_HateCrimeIncidents_CrimeAgainstPerson,3875
2009,Offense_Count_HateCrimeIncidents_CrimeAgainstPerson,4793
2009,Victim_Count_HateCrimeIncidents_CrimeAgainstPerson,4793
2009,Offender_Count_HateCrimeIncidents_CrimeAgainstPerson_KnownOffender,5136
2009,Count_HateCrimeIncidents_MurderAndNonNegligentManslaughter,8
2009,Offense_Count_HateCrimeIncidents_MurderAndNonNegligentManslaughter,8
2009,Victim_Count_HateCrimeIncidents_MurderAndNonNegligentManslaughter,8
2009,Offender_Count_HateCrimeIncidents_MurderAndNonNegligentManslaughter_KnownOffender,47
2009,Count_HateCrimeIncidents_ForcibleRape,9
2009,Offense_Count_HateCrimeIncidents_ForcibleRape,9
2009,Victim_Count_HateCrimeIncidents_ForcibleRape,9
2009,Offender_Count_HateCrimeIncidents_ForcibleRape_KnownOffender,16
2009,Count_HateCrimeIncidents_AggravatedAssault,699
2009,Offense_Count_HateCrimeIncidents_AggravatedAssault,914
2009,Victim_Count_HateCrimeIncidents_AggravatedAssault,914
2009,Offender_Count_HateCrimeIncidents_AggravatedAssault_KnownOffender,1208
2009,Count_HateCrimeIncidents_SimpleAssault,1446
2009,Offense_Count_HateCrimeIncidents_SimpleAssault,1691
2009,Victim_Count_HateCrimeIncidents_SimpleAssault,1691
2009,Offender_Count_HateCrimeIncidents_SimpleAssault_KnownOffender,2072
2009,Count_HateCrimeIncidents_Intimidation,1700
2009,Offense_Count_HateCrimeIncidents_Intimidation,2158
2009,Victim_Count_HateCrimeIncidents_Intimidation,2158
2009,Offender_Count_HateCrimeIncidents_Intimidation_KnownOffender,1778
2009,Count_HateCrimeIncidents_OtherCrimesAgainstPerson,13
2009,Offense_Count_HateCrimeIncidents_OtherCrimesAgainstPerson,13
2009,Victim_Count_HateCrimeIncidents_OtherCrimesAgainstPerson,13
2009,Offender_Count_HateCrimeIncidents_OtherCrimesAgainstPerson_KnownOffender,15
2009,Count_HateCrimeIncidents_CrimeAgainstProperty,2970
2009,Offense_Count_HateCrimeIncidents_CrimeAgainstProperty,2970
2009,Victim_Count_HateCrimeIncidents_CrimeAgainstProperty,3517
2009,Offender_Count_HateCrimeIncidents_CrimeAgainstProperty_KnownOffender,1453
2009,Count_HateCrimeIncidents_Robbery,124
2009,Offense_Count_HateCrimeIncidents_Robbery,124
2009,Victim_Count_HateCrimeIncidents_Robbery,142
2009,Offender_Count_HateCrimeIncidents_Robbery_KnownOffender,293
2009,Count_HateCrimeIncidents_Burglary,137
2009,Offense_Count_HateCrimeIncidents_Burglary,137
2009,Victim_Count_HateCrimeIncidents_Burglary,157
2009,Offender_Count_HateCrimeIncidents_Burglary_KnownOffender,78
2009,Count_HateCrimeIncidents_LarcenyTheft,163
2009,Offense_Count_HateCrimeIncidents_LarcenyTheft,163
2009,Victim_Count_HateCrimeIncidents_LarcenyTheft,174
2009,Offender_Count_HateCrimeIncidents_LarcenyTheft_KnownOffender,126
2009,Count_HateCrimeIncidents_MotorVehicleTheft,11
2009,Offense_Count_HateCrimeIncidents_MotorVehicleTheft,11
2009,Victim_Count_HateCrimeIncidents_MotorVehicleTheft,11
2009,Offender_Count_HateCrimeIncidents_MotorVehicleTheft_KnownOffender,7
2009,Count_HateCrimeIncidents_Arson,41
2009,Offense_Count_HateCrimeIncidents_Arson,41
2009,Victim_Count_HateCrimeIncidents_Arson,61
2009,Offender_Count_HateCrimeIncidents_Arson_KnownOffender,22
2009,Count_HateCrimeIncidents_DestructionOrDamageOrVandalismOfProperty,2465
2009,Offense_Count_HateCrimeIncidents_DestructionOrDamageOrVandalismOfProperty,2465
2009,Victim_Count_HateCrimeIncidents_DestructionOrDamageOrVandalismOfProperty,2943
2009,Offender_Count_HateCrimeIncidents_DestructionOrDamageOrVandalismOfProperty_KnownOffender,898
2009,Count_HateCrimeIncidents_OtherCrimesAgainstProperty,29
2009,Offense_Count_HateCrimeIncidents_OtherCrimesAgainstProperty,29
2009,Victim_Count_HateCrimeIncidents_OtherCrimesAgainstProperty,29
2009,Offender_Count_HateCrimeIncidents_OtherCrimesAgainstProperty_KnownOffender,29
2009,Count_HateCrimeIncidents_CrimeAgainstSociety,26
2009,Offense_Count_HateCrimeIncidents_CrimeAgainstSociety,26
2009,Victim_Count_HateCrimeIncidents_CrimeAgainstSociety,26
2009,Offender_Count_HateCrimeIncidents_CrimeAgainstSociety_KnownOffender,34
2008,Count_HateCrimeIncidents_CrimeAgainstPerson,4490
2008,Offense_Count_HateCrimeIncidents_CrimeAgainstPerson,5542
2008,Victim_Count_HateCrimeIncidents_CrimeAgainstPerson,5542
2008,Offender_Count_HateCrimeIncidents_CrimeAgainstPerson_KnownOffender,5613
2008,Count_HateCrimeIncidents_MurderAndNonNegligentManslaughter,7
2008,Offense_Count_HateCrimeIncidents_MurderAndNonNegligentManslaughter,7
2008,Victim_Count_HateCrimeIncidents_MurderAndNonNegligentManslaughter,7
2008,Offender_Count_HateCrimeIncidents_MurderAndNonNegligentManslaughter_KnownOffender,8
2008,Count_HateCrimeIncidents_ForcibleRape,11
2008,Offense_Count_HateCrimeIncidents_ForcibleRape,11
2008,Victim_Count_HateCrimeIncidents_ForcibleRape,11
2008,Offender_Count_HateCrimeIncidents_ForcibleRape_KnownOffender,20
2008,Count_HateCrimeIncidents_AggravatedAssault,774
2008,Offense_Count_HateCrimeIncidents_AggravatedAssault,1025
2008,Victim_Count_HateCrimeIncidents_AggravatedAssault,1025
2008,Offender_Count_HateCrimeIncidents_AggravatedAssault_KnownOffender,1405
2008,Count_HateCrimeIncidents_SimpleAssault,1503
2008,Offense_Count_HateCrimeIncidents_SimpleAssault,1778
2008,Victim_Count_HateCrimeIncidents_SimpleAssault,1778
2008,Offender_Count_HateCrimeIncidents_SimpleAssault_KnownOffender,2062
2008,Count_HateCrimeIncidents_Intimidation,2178
2008,Offense_Count_HateCrimeIncidents_Intimidation,2704
2008,Victim_Count_HateCrimeIncidents_Intimidation,2704
2008,Offender_Count_HateCrimeIncidents_Intimidation_KnownOffender,2093
2008,Count_HateCrimeIncidents_OtherCrimesAgainstPerson,17
2008,Offense_Count_HateCrimeIncidents_OtherCrimesAgainstPerson,17
2008,Victim_Count_HateCrimeIncidents_OtherCrimesAgainstPerson,17
2008,Offender_Count_HateCrimeIncidents_OtherCrimesAgainstPerson_KnownOffender,25
2008,Count_HateCrimeIncidents_CrimeAgainstProperty,3608
2008,Offense_Count_HateCrimeIncidents_CrimeAgainstProperty,3608
2008,Victim_Count_HateCrimeIncidents_CrimeAgainstProperty,4131
2008,Offender_Count_HateCrimeIncidents_CrimeAgainstProperty_KnownOffender,1758
2008,Count_HateCrimeIncidents_Robbery,145
2008,Offense_Count_HateCrimeIncidents_Robbery,145
2008,Victim_Count_HateCrimeIncidents_Robbery,180
2008,Offender_Count_HateCrimeIncidents_Robbery_KnownOffender,317
2008,Count_HateCrimeIncidents_Burglary,158
2008,Offense_Count_HateCrimeIncidents_Burglary,158
2008,Victim_Count_HateCrimeIncidents_Burglary,186
2008,Offender_Count_HateCrimeIncidents_Burglary_KnownOffender,107
2008,Count_HateCrimeIncidents_LarcenyTheft,224
2008,Offense_Count_HateCrimeIncidents_LarcenyTheft,224
2008,Victim_Count_HateCrimeIncidents_LarcenyTheft,242
2008,Offender_Count_HateCrimeIncidents_LarcenyTheft_KnownOffender,144
2008,Count_HateCrimeIncidents_MotorVehicleTheft,26
2008,Offense_Count_HateCrimeIncidents_MotorVehicleTheft,26
2008,Victim_Count_HateCrimeIncidents_MotorVehicleTheft,26
2008,Offender_Count_HateCrimeIncidents_MotorVehicleTheft_KnownOffender,16
2008,Count_HateCrimeIncidents_Arson,53
2008,Offense_Count_HateCrimeIncidents_Arson,53
2008,Victim_Count_HateCrimeIncidents_Arson,81
2008,Offender_Count_HateCrimeIncidents_Arson_KnownOffender,42
2008,Count_HateCrimeIncidents_DestructionOrDamageOrVandalismOfProperty,2970
2008,Offense_Count_HateCrimeIncidents_DestructionOrDamageOrVandalismOfProperty,2970
2008,Victim_Count_HateCrimeIncidents_DestructionOrDamageOrVandalismOfProperty,3382
2008,Offender_Count_HateCrimeIncidents_DestructionOrDamageOrVandalismOfProperty_KnownOffender,1098
2008,Count_HateCrimeIncidents_OtherCrimesAgainstProperty,32
2008,Offense_Count_HateCrimeIncidents_OtherCrimesAgainstProperty,32
2008,Victim_Count_HateCrimeIncidents_OtherCrimesAgainstProperty,34
2008,Offender_Count_HateCrimeIncidents_OtherCrimesAgainstProperty_KnownOffender,34
2008,Count_HateCrimeIncidents_CrimeAgainstSociety,18
2008,Offense_Count_HateCrimeIncidents_CrimeAgainstSociety,18
2008,Victim_Count_HateCrimeIncidents_CrimeAgainstSociety,18
2008,Offender_Count_HateCrimeIncidents_CrimeAgainstSociety_KnownOffender,27
2007,Count_HateCrimeIncidents_CrimeAgainstPerson,4347
2007,Offense_Count_HateCrimeIncidents_CrimeAgainstPerson,5408
2007,Victim_Count_HateCrimeIncidents_CrimeAgainstPerson,5408
2007,Offender_Count_HateCrimeIncidents_CrimeAgainstPerson_KnownOffender,5542
2007,Count_HateCrimeIncidents_MurderAndNonNegligentManslaughter,9
2007,Offense_Count_HateCrimeIncidents_MurderAndNonNegligentManslaughter,9
2007,Victim_Count_HateCrimeIncidents_MurderAndNonNegligentManslaughter,9
2007,Offender_Count_HateCrimeIncidents_MurderAndNonNegligentManslaughter_KnownOffender,14
2007,Count_HateCrimeIncidents_ForcibleRape,2
2007,Offense_Count_HateCrimeIncidents_ForcibleRape,2
2007,Victim_Count_HateCrimeIncidents_ForcibleRape,2
2007,Offender_Count_HateCrimeIncidents_ForcibleRape_KnownOffender,4
2007,Count_HateCrimeIncidents_AggravatedAssault,853
2007,Offense_Count_HateCrimeIncidents_AggravatedAssault,1116
2007,Victim_Count_HateCrimeIncidents_AggravatedAssault,1116
2007,Offender_Count_HateCrimeIncidents_AggravatedAssault_KnownOffender,1409
2007,Count_HateCrimeIncidents_SimpleAssault,1410
2007,Offense_Count_HateCrimeIncidents_SimpleAssault,1684
2007,Victim_Count_HateCrimeIncidents_SimpleAssault,1684
2007,Offender_Count_HateCrimeIncidents_SimpleAssault_KnownOffender,2052
2007,Count_HateCrimeIncidents_Intimidation,2045
2007,Offense_Count_HateCrimeIncidents_Intimidation,2565
2007,Victim_Count_HateCrimeIncidents_Intimidation,2565
2007,Offender_Count_HateCrimeIncidents_Intimidation_KnownOffender,2026
2007,Count_HateCrimeIncidents_OtherCrimesAgainstPerson,28
2007,Offense_Count_HateCrimeIncidents_OtherCrimesAgainstPerson,32
2007,Victim_Count_HateCrimeIncidents_OtherCrimesAgainstPerson,32
2007,Offender_Count_HateCrimeIncidents_OtherCrimesAgainstPerson_KnownOffender,37
2007,Count_HateCrimeIncidents_CrimeAgainstProperty,3579
2007,Offense_Count_HateCrimeIncidents_CrimeAgainstProperty,3579
2007,Victim_Count_HateCrimeIncidents_CrimeAgainstProperty,4108
2007,Offender_Count_HateCrimeIncidents_CrimeAgainstProperty_KnownOffender,1826
2007,Count_HateCrimeIncidents_Robbery,178
2007,Offense_Count_HateCrimeIncidents_Robbery,178
2007,Victim_Count_HateCrimeIncidents_Robbery,236
2007,Offender_Count_HateCrimeIncidents_Robbery_KnownOffender,392
2007,Count_HateCrimeIncidents_Burglary,159
2007,Offense_Count_HateCrimeIncidents_Burglary,159
2007,Victim_Count_HateCrimeIncidents_Burglary,193
2007,Offender_Count_HateCrimeIncidents_Burglary_KnownOffender,130
2007,Count_HateCrimeIncidents_LarcenyTheft,221
2007,Offense_Count_HateCrimeIncidents_LarcenyTheft,221
2007,Victim_Count_HateCrimeIncidents_LarcenyTheft,230
2007,Offender_Count_HateCrimeIncidents_LarcenyTheft_KnownOffender,126
2007,Count_HateCrimeIncidents_MotorVehicleTheft,22
2007,Offense_Count_HateCrimeIncidents_MotorVehicleTheft,22
2007,Victim_Count_HateCrimeIncidents_MotorVehicleTheft,27
2007,Offender_Count_HateCrimeIncidents_MotorVehicleTheft_KnownOffender,4
2007,Count_HateCrimeIncidents_Arson,40
2007,Offense_Count_HateCrimeIncidents_Arson,40
2007,Victim_Count_HateCrimeIncidents_Arson,47
2007,Offender_Count_HateCrimeIncidents_Arson_KnownOffender,33
2007,Count_HateCrimeIncidents_DestructionOrDamageOrVandalismOfProperty,2915
2007,Offense_Count_HateCrimeIncidents_DestructionOrDamageOrVandalismOfProperty,2915
2007,Victim_Count_HateCrimeIncidents_DestructionOrDamageOrVandalismOfProperty,3328
2007,Offender_Count_HateCrimeIncidents_DestructionOrDamageOrVandalismOfProperty_KnownOffender,1108
2007,Count_HateCrimeIncidents_OtherCrimesAgainstProperty,44
2007,Offense_Count_HateCrimeIncidents_OtherCrimesAgainstProperty,44
2007,Victim_Count_HateCrimeIncidents_OtherCrimesAgainstProperty,47
2007,Offender_Count_HateCrimeIncidents_OtherCrimesAgainstProperty_KnownOffender,33
2007,Count_HateCrimeIncidents_CrimeAgainstSociety,19
2007,Offense_Count_HateCrimeIncidents_CrimeAgainstSociety,19
2007,Victim_Count_HateCrimeIncidents_CrimeAgainstSociety,19
2007,Offender_Count_HateCrimeIncidents_CrimeAgainstSociety_KnownOffender,25
2006,Count_HateCrimeIncidents_CrimeAgainstPerson,4378
2006,Offense_Count_HateCrimeIncidents_CrimeAgainstPerson,5449
2006,Victim_Count_HateCrimeIncidents_CrimeAgainstPerson,5449
2006,Offender_Count_HateCrimeIncidents_CrimeAgainstPerson_KnownOffender,5770
2006,Count_HateCrimeIncidents_MurderAndNonNegligentManslaughter,3
2006,Offense_Count_HateCrimeIncidents_MurderAndNonNegligentManslaughter,3
2006,Victim_Count_HateCrimeIncidents_MurderAndNonNegligentManslaughter,3
2006,Offender_Count_HateCrimeIncidents_MurderAndNonNegligentManslaughter_KnownOffender,4
2006,Count_HateCrimeIncidents_ForcibleRape,6
2006,Offense_Count_HateCrimeIncidents_ForcibleRape,6
2006,Victim_Count_HateCrimeIncidents_ForcibleRape,6
2006,Offender_Count_HateCrimeIncidents_ForcibleRape_KnownOffender,8
2006,Count_HateCrimeIncidents_AggravatedAssault,860
2006,Offense_Count_HateCrimeIncidents_AggravatedAssault,1178
2006,Victim_Count_HateCrimeIncidents_AggravatedAssault,1178
2006,Offender_Count_HateCrimeIncidents_AggravatedAssault_KnownOffender,1606
2006,Count_HateCrimeIncidents_SimpleAssault,1447
2006,Offense_Count_HateCrimeIncidents_SimpleAssault,1737
2006,Victim_Count_HateCrimeIncidents_SimpleAssault,1737
2006,Offender_Count_HateCrimeIncidents_SimpleAssault_KnownOffender,2116
2006,Count_HateCrimeIncidents_Intimidation,2046
2006,Offense_Count_HateCrimeIncidents_Intimidation,2508
2006,Victim_Count_HateCrimeIncidents_Intimidation,2508
2006,Offender_Count_HateCrimeIncidents_Intimidation_KnownOffender,2018
2006,Count_HateCrimeIncidents_OtherCrimesAgainstPerson,16
2006,Offense_Count_HateCrimeIncidents_OtherCrimesAgainstPerson,17
2006,Victim_Count_HateCrimeIncidents_OtherCrimesAgainstPerson,17
2006,Offender_Count_HateCrimeIncidents_OtherCrimesAgainstPerson_KnownOffender,18
2006,Count_HateCrimeIncidents_CrimeAgainstProperty,3593
2006,Offense_Count_HateCrimeIncidents_CrimeAgainstProperty,3593
2006,Victim_Count_HateCrimeIncidents_CrimeAgainstProperty,4165
2006,Offender_Count_HateCrimeIncidents_CrimeAgainstProperty_KnownOffender,1912
2006,Count_HateCrimeIncidents_Robbery,142
2006,Offense_Count_HateCrimeIncidents_Robbery,142
2006,Victim_Count_HateCrimeIncidents_Robbery,200
2006,Offender_Count_HateCrimeIncidents_Robbery_KnownOffender,311
2006,Count_HateCrimeIncidents_Burglary,155
2006,Offense_Count_HateCrimeIncidents_Burglary,155
2006,Victim_Count_HateCrimeIncidents_Burglary,177
2006,Offender_Count_HateCrimeIncidents_Burglary_KnownOffender,112
2006,Count_HateCrimeIncidents_LarcenyTheft,261
2006,Offense_Count_HateCrimeIncidents_LarcenyTheft,261
2006,Victim_Count_HateCrimeIncidents_LarcenyTheft,283
2006,Offender_Count_HateCrimeIncidents_LarcenyTheft_KnownOffender,182
2006,Count_HateCrimeIncidents_MotorVehicleTheft,25
2006,Offense_Count_HateCrimeIncidents_MotorVehicleTheft,25
2006,Victim_Count_HateCrimeIncidents_MotorVehicleTheft,44
2006,Offender_Count_HateCrimeIncidents_MotorVehicleTheft_KnownOffender,17
2006,Count_HateCrimeIncidents_Arson,41
2006,Offense_Count_HateCrimeIncidents_Arson,41
2006,Victim_Count_HateCrimeIncidents_Arson,51
2006,Offender_Count_HateCrimeIncidents_Arson_KnownOffender,30
2006,Count_HateCrimeIncidents_DestructionOrDamageOrVandalismOfProperty,2911
2006,Offense_Count_HateCrimeIncidents_DestructionOrDamageOrVandalismOfProperty,2911
2006,Victim_Count_HateCrimeIncidents_DestructionOrDamageOrVandalismOfProperty,3348
2006,Offender_Count_HateCrimeIncidents_DestructionOrDamageOrVandalismOfProperty_KnownOffender,1212
2006,Count_HateCrimeIncidents_OtherCrimesAgainstProperty,58
2006,Offense_Count_HateCrimeIncidents_OtherCrimesAgainstProperty,58
2006,Victim_Count_HateCrimeIncidents_OtherCrimesAgainstProperty,62
2006,Offender_Count_HateCrimeIncidents_OtherCrimesAgainstProperty_KnownOffender,48
2006,Count_HateCrimeIncidents_CrimeAgainstSociety,38
2006,Offense_Count_HateCrimeIncidents_CrimeAgainstSociety,38
2006,Victim_Count_HateCrimeIncidents_CrimeAgainstSociety,38
2006,Offender_Count_HateCrimeIncidents_CrimeAgainstSociety_KnownOffender,58
2005,Count_HateCrimeIncidents_CrimeAgainstPerson,4208
2005,Offense_Count_HateCrimeIncidents_CrimeAgainstPerson,5190
2005,Victim_Count_HateCrimeIncidents_CrimeAgainstPerson,5190
2005,Offender_Count_HateCrimeIncidents_CrimeAgainstPerson_KnownOffender,5357
2005,Count_HateCrimeIncidents_MurderAndNonNegligentManslaughter,6
2005,Offense_Count_HateCrimeIncidents_MurderAndNonNegligentManslaughter,6
2005,Victim_Count_HateCrimeIncidents_MurderAndNonNegligentManslaughter,6
2005,Offender_Count_HateCrimeIncidents_MurderAndNonNegligentManslaughter_KnownOffender,17
2005,Count_HateCrimeIncidents_ForcibleRape,3
2005,Offense_Count_HateCrimeIncidents_ForcibleRape,3
2005,Victim_Count_HateCrimeIncidents_ForcibleRape,3
2005,Offender_Count_HateCrimeIncidents_ForcibleRape_KnownOffender,3
2005,Count_HateCrimeIncidents_AggravatedAssault,817
2005,Offense_Count_HateCrimeIncidents_AggravatedAssault,1062
2005,Victim_Count_HateCrimeIncidents_AggravatedAssault,1062
2005,Offender_Count_HateCrimeIncidents_AggravatedAssault_KnownOffender,1381
2005,Count_HateCrimeIncidents_SimpleAssault,1324
2005,Offense_Count_HateCrimeIncidents_SimpleAssault,1566
2005,Victim_Count_HateCrimeIncidents_SimpleAssault,1566
2005,Offender_Count_HateCrimeIncidents_SimpleAssault_KnownOffender,1957
2005,Count_HateCrimeIncidents_Intimidation,2044
2005,Offense_Count_HateCrimeIncidents_Intimidation,2539
2005,Victim_Count_HateCrimeIncidents_Intimidation,2539
2005,Offender_Count_HateCrimeIncidents_Intimidation_KnownOffender,1974
2005,Count_HateCrimeIncidents_OtherCrimesAgainstPerson,14
2005,Offense_Count_HateCrimeIncidents_OtherCrimesAgainstPerson,14
2005,Victim_Count_HateCrimeIncidents_OtherCrimesAgainstPerson,14
2005,Offender_Count_HateCrimeIncidents_OtherCrimesAgainstPerson_KnownOffender,25
2005,Count_HateCrimeIncidents_CrimeAgainstProperty,3109
2005,Offense_Count_HateCrimeIncidents_CrimeAgainstProperty,3109
2005,Victim_Count_HateCrimeIncidents_CrimeAgainstProperty,3530
2005,Offender_Count_HateCrimeIncidents_CrimeAgainstProperty_KnownOffender,1680
2005,Count_HateCrimeIncidents_Robbery,127
2005,Offense_Count_HateCrimeIncidents_Robbery,127
2005,Victim_Count_HateCrimeIncidents_Robbery,154
2005,Offender_Count_HateCrimeIncidents_Robbery_KnownOffender,289
2005,Count_HateCrimeIncidents_Burglary,136
2005,Offense_Count_HateCrimeIncidents_Burglary,136
2005,Victim_Count_HateCrimeIncidents_Burglary,165
2005,Offender_Count_HateCrimeIncidents_Burglary_KnownOffender,88
2005,Count_HateCrimeIncidents_LarcenyTheft,221
2005,Offense_Count_HateCrimeIncidents_LarcenyTheft,221
2005,Victim_Count_HateCrimeIncidents_LarcenyTheft,232
2005,Offender_Count_HateCrimeIncidents_LarcenyTheft_KnownOffender,146
2005,Count_HateCrimeIncidents_MotorVehicleTheft,18
2005,Offense_Count_HateCrimeIncidents_MotorVehicleTheft,18
2005,Victim_Count_HateCrimeIncidents_MotorVehicleTheft,19
2005,Offender_Count_HateCrimeIncidents_MotorVehicleTheft_KnownOffender,14
2005,Count_HateCrimeIncidents_Arson,39
2005,Offense_Count_HateCrimeIncidents_Arson,39
2005,Victim_Count_HateCrimeIncidents_Arson,48
2005,Offender_Count_HateCrimeIncidents_Arson_KnownOffender,32
2005,Count_HateCrimeIncidents_DestructionOrDamageOrVandalismOfProperty,2528
2005,Offense_Count_HateCrimeIncidents_DestructionOrDamageOrVandalismOfProperty,2528
2005,Victim_Count_HateCrimeIncidents_DestructionOrDamageOrVandalismOfProperty,2869
2005,Offender_Count_HateCrimeIncidents_DestructionOrDamageOrVandalismOfProperty_KnownOffender,1072
2005,Count_HateCrimeIncidents_OtherCrimesAgainstProperty,40
2005,Offense_Count_HateCrimeIncidents_OtherCrimesAgainstProperty,40
2005,Victim_Count_HateCrimeIncidents_OtherCrimesAgainstProperty,43
2005,Offender_Count_HateCrimeIncidents_OtherCrimesAgainstProperty_KnownOffender,39
2005,Count_HateCrimeIncidents_CrimeAgainstSociety,81
2005,Offense_Count_HateCrimeIncidents_CrimeAgainstSociety,81
2005,Victim_Count_HateCrimeIncidents_CrimeAgainstSociety,84
2005,Offender_Count_HateCrimeIncidents_CrimeAgainstSociety_KnownOffender,114
2004,Count_HateCrimeIncidents_CrimeAgainstPerson,4503
2004,Offense_Count_HateCrimeIncidents_CrimeAgainstPerson,5642
2004,Victim_Count_HateCrimeIncidents_CrimeAgainstPerson,5642
2004,Offender_Count_HateCrimeIncidents_CrimeAgainstPerson_KnownOffender,5710
2004,Count_HateCrimeIncidents_MurderAndNonNegligentManslaughter,5
2004,Offense_Count_HateCrimeIncidents_MurderAndNonNegligentManslaughter,5
2004,Victim_Count_HateCrimeIncidents_MurderAndNonNegligentManslaughter,5
2004,Offender_Count_HateCrimeIncidents_MurderAndNonNegligentManslaughter_KnownOffender,5
2004,Count_HateCrimeIncidents_ForcibleRape,4
2004,Offense_Count_HateCrimeIncidents_ForcibleRape,4
2004,Victim_Count_HateCrimeIncidents_ForcibleRape,4
2004,Offender_Count_HateCrimeIncidents_ForcibleRape_KnownOffender,5
2004,Count_HateCrimeIncidents_AggravatedAssault,765
2004,Offense_Count_HateCrimeIncidents_AggravatedAssault,1040
2004,Victim_Count_HateCrimeIncidents_AggravatedAssault,1040
2004,Offender_Count_HateCrimeIncidents_AggravatedAssault_KnownOffender,1316
2004,Count_HateCrimeIncidents_SimpleAssault,1448
2004,Offense_Count_HateCrimeIncidents_SimpleAssault,1750
2004,Victim_Count_HateCrimeIncidents_SimpleAssault,1750
2004,Offender_Count_HateCrimeIncidents_SimpleAssault_KnownOffender,2190
2004,Count_HateCrimeIncidents_Intimidation,2267
2004,Offense_Count_HateCrimeIncidents_Intimidation,2827
2004,Victim_Count_HateCrimeIncidents_Intimidation,2827
2004,Offender_Count_HateCrimeIncidents_Intimidation_KnownOffender,2173
2004,Count_HateCrimeIncidents_OtherCrimesAgainstPerson,14
2004,Offense_Count_HateCrimeIncidents_OtherCrimesAgainstPerson,16
2004,Victim_Count_HateCrimeIncidents_OtherCrimesAgainstPerson,16
2004,Offender_Count_HateCrimeIncidents_OtherCrimesAgainstPerson_KnownOffender,21
2004,Count_HateCrimeIncidents_CrimeAgainstProperty,3333
2004,Offense_Count_HateCrimeIncidents_CrimeAgainstProperty,3333
2004,Victim_Count_HateCrimeIncidents_CrimeAgainstProperty,3826
2004,Offender_Count_HateCrimeIncidents_CrimeAgainstProperty_KnownOffender,1711
2004,Count_HateCrimeIncidents_Robbery,112
2004,Offense_Count_HateCrimeIncidents_Robbery,112
2004,Victim_Count_HateCrimeIncidents_Robbery,142
2004,Offender_Count_HateCrimeIncidents_Robbery_KnownOffender,241
2004,Count_HateCrimeIncidents_Burglary,146
2004,Offense_Count_HateCrimeIncidents_Burglary,146
2004,Victim_Count_HateCrimeIncidents_Burglary,169
2004,Offender_Count_HateCrimeIncidents_Burglary_KnownOffender,130
2004,Count_HateCrimeIncidents_LarcenyTheft,169
2004,Offense_Count_HateCrimeIncidents_LarcenyTheft,169
2004,Victim_Count_HateCrimeIncidents_LarcenyTheft,186
2004,Offender_Count_HateCrimeIncidents_LarcenyTheft_KnownOffender,134
2004,Count_HateCrimeIncidents_MotorVehicleTheft,15
2004,Offense_Count_HateCrimeIncidents_MotorVehicleTheft,15
2004,Victim_Count_HateCrimeIncidents_MotorVehicleTheft,15
2004,Offender_Count_HateCrimeIncidents_MotorVehicleTheft_KnownOffender,8
2004,Count_HateCrimeIncidents_Arson,44
2004,Offense_Count_HateCrimeIncidents_Arson,44
2004,Victim_Count_HateCrimeIncidents_Arson,57
2004,Offender_Count_HateCrimeIncidents_Arson_KnownOffender,45
2004,Count_HateCrimeIncidents_DestructionOrDamageOrVandalismOfProperty,2812
2004,Offense_Count_HateCrimeIncidents_DestructionOrDamageOrVandalismOfProperty,2812
2004,Victim_Count_HateCrimeIncidents_DestructionOrDamageOrVandalismOfProperty,3220
2004,Offender_Count_HateCrimeIncidents_DestructionOrDamageOrVandalismOfProperty_KnownOffender,1115
2004,Count_HateCrimeIncidents_OtherCrimesAgainstProperty,35
2004,Offense_Count_HateCrimeIncidents_OtherCrimesAgainstProperty,35
2004,Victim_Count_HateCrimeIncidents_OtherCrimesAgainstProperty,37
2004,Offender_Count_HateCrimeIncidents_OtherCrimesAgainstProperty_KnownOffender,38
2004,Count_HateCrimeIncidents_CrimeAgainstSociety,60
2004,Offense_Count_HateCrimeIncidents_CrimeAgainstSociety,60
2004,Victim_Count_HateCrimeIncidents_CrimeAgainstSociety,60
2004,Offender_Count_HateCrimeIncidents_CrimeAgainstSociety_KnownOffender,75
